{
  "project_info": {
    "project_number": "514039413626",
    "project_id": "hediety-21ae7",
    "storage_bucket": "hediety-21ae7.firebasestorage.app"
  },
  "client": [
    {
      "client_info": {
        "mobilesdk_app_id": "1:514039413626:android:f4c096dde97719823874c3",
        "android_client_info": {
          "package_name": "com.example.mp"
        }
      },
      "oauth_client": [],
      "api_key": [
        {
          "current_key": "AIzaSyBwbyh86sKSPHSSN46vGaPeFgm0TOeiwEA"
        }
      ],
      "services": {
        "appinvite_service": {
          "other_platform_oauth_client": []
        }
      }
    }
  ],
  "configuration_version": "1"
}